feature,count,mean,std,min,25%,50%,75%,max
shift_hours,500.0,8.954,2.0278333798497514,6.0,7.0,9.0,11.0,12.0
overtime_hours,500.0,2.052,1.4620434816668653,0.0,1.0,2.0,3.0,4.0
worker_experience,500.0,7.3,4.033179027285085,1.0,4.0,7.0,11.0,14.0
equipment_age,500.0,4.978,2.6479310939215,1.0,3.0,5.0,7.0,9.0
maintenance_score,500.0,68.436,17.14765255001255,40.0,53.0,68.0,83.0,99.0
temperature,500.0,32.374,7.260823860021155,20.0,26.0,33.0,39.0,44.0
humidity,500.0,59.652,17.34648948331591,30.0,45.0,59.0,75.0,89.0
inspection_score,500.0,75.234,14.661417336554923,50.0,62.0,76.0,88.0,99.0
accident,500.0,0.422,0.494373148157582,0.0,0.0,0.0,1.0,1.0
