feature_x,feature_y,correlation
shift_hours,shift_hours,1.0
overtime_hours,shift_hours,0.04136470522867644
worker_experience,shift_hours,0.08916650457605585
equipment_age,shift_hours,0.033027395971670676
maintenance_score,shift_hours,0.009799027081903269
temperature,shift_hours,0.022539634168299037
humidity,shift_hours,-0.0226178058660987
inspection_score,shift_hours,-0.03644028225199039
accident,shift_hours,-0.06255663665522461
shift_hours,overtime_hours,0.04136470522867644
overtime_hours,overtime_hours,1.0
worker_experience,overtime_hours,-0.07096139747342023
equipment_age,overtime_hours,-0.06285666401315822
maintenance_score,overtime_hours,0.018677824796991423
temperature,overtime_hours,-0.03147395977008133
humidity,overtime_hours,-0.010979747947425652
inspection_score,overtime_hours,0.11891089282041772
accident,overtime_hours,0.11098088470791365
shift_hours,worker_experience,0.08916650457605585
overtime_hours,worker_experience,-0.07096139747342023
worker_experience,worker_experience,1.0
equipment_age,worker_experience,-0.02358742609632942
maintenance_score,worker_experience,0.015027259685238683
temperature,worker_experience,0.003277944274738786
humidity,worker_experience,-0.04152871110676297
inspection_score,worker_experience,0.045002989973016695
accident,worker_experience,-0.08171233589150187
shift_hours,equipment_age,0.033027395971670676
overtime_hours,equipment_age,-0.06285666401315822
worker_experience,equipment_age,-0.02358742609632942
equipment_age,equipment_age,1.0
maintenance_score,equipment_age,-0.03906892553456332
temperature,equipment_age,-0.017603560747532936
humidity,equipment_age,-0.016615371259376083
inspection_score,equipment_age,0.03523437403549592
accident,equipment_age,-0.02810368483095953
shift_hours,maintenance_score,0.009799027081903269
overtime_hours,maintenance_score,0.018677824796991423
worker_experience,maintenance_score,0.015027259685238683
equipment_age,maintenance_score,-0.03906892553456332
maintenance_score,maintenance_score,1.0
temperature,maintenance_score,0.07290479173375619
humidity,maintenance_score,-0.07421855096154129
inspection_score,maintenance_score,-0.037472285555611703
accident,maintenance_score,0.04562535062975571
shift_hours,temperature,0.022539634168299037
overtime_hours,temperature,-0.03147395977008133
worker_experience,temperature,0.003277944274738786
equipment_age,temperature,-0.017603560747532936
maintenance_score,temperature,0.07290479173375619
temperature,temperature,1.0
humidity,temperature,0.005490560875686418
inspection_score,temperature,0.04371646858070365
accident,temperature,0.0017228782987774173
shift_hours,humidity,-0.0226178058660987
overtime_hours,humidity,-0.010979747947425652
worker_experience,humidity,-0.04152871110676297
equipment_age,humidity,-0.016615371259376083
maintenance_score,humidity,-0.07421855096154129
temperature,humidity,0.005490560875686418
humidity,humidity,1.0
inspection_score,humidity,0.08019775834651159
accident,humidity,0.05992367339445541
shift_hours,inspection_score,-0.03644028225199039
overtime_hours,inspection_score,0.11891089282041772
worker_experience,inspection_score,0.045002989973016695
equipment_age,inspection_score,0.03523437403549592
maintenance_score,inspection_score,-0.037472285555611703
temperature,inspection_score,0.04371646858070365
humidity,inspection_score,0.08019775834651159
inspection_score,inspection_score,1.0
accident,inspection_score,0.023121177529925274
shift_hours,accident,-0.06255663665522461
overtime_hours,accident,0.11098088470791365
worker_experience,accident,-0.08171233589150187
equipment_age,accident,-0.02810368483095953
maintenance_score,accident,0.04562535062975571
temperature,accident,0.0017228782987774173
humidity,accident,0.05992367339445541
inspection_score,accident,0.023121177529925274
accident,accident,1.0
